{
  "Total" : {
    "transaction" : "Total",
    "sampleCount" : 410,
    "errorCount" : 0,
    "errorPct" : 0.0,
    "meanResTime" : 33.719512195121936,
    "medianResTime" : 35.0,
    "minResTime" : 3.0,
    "maxResTime" : 114.0,
    "pct1ResTime" : 49.0,
    "pct2ResTime" : 53.0,
    "pct3ResTime" : 70.67999999999984,
    "throughput" : 2.285281117446728,
    "receivedKBytesPerSec" : 11.542455018978982,
    "sentKBytesPerSec" : 0.2588795015857622
  },
  "HTTP Request" : {
    "transaction" : "HTTP Request",
    "sampleCount" : 410,
    "errorCount" : 0,
    "errorPct" : 0.0,
    "meanResTime" : 33.719512195121936,
    "medianResTime" : 35.0,
    "minResTime" : 3.0,
    "maxResTime" : 114.0,
    "pct1ResTime" : 49.0,
    "pct2ResTime" : 53.0,
    "pct3ResTime" : 70.67999999999984,
    "throughput" : 2.285281117446728,
    "receivedKBytesPerSec" : 11.542455018978982,
    "sentKBytesPerSec" : 0.2588795015857622
  }
}